{"rotation":{"w":-0.9902680687415704, "i":-0.0, "j":0.0, "k":-0.13917310096006544}}